das Jahr,year
das Mal,time
das Beispiel,example
die Zeit,time (hour)
die Frau,"woman, wife, Mrs."
der Mensch,"human being, man"
das Deutsch,German
das Kind,child
der Tag,day
der Mann,man
das Land,"land, country, state"
die Frage,question
das Haus,house
der Fall,"fall, case"
die Leute,people
die Arbeit,work
das Prozent,percent
die Hand,hand
die Stadt,"city, town"
der Herr,"man, Mr."
der/das Teil,part
das Problem,problem
die Welt,world
das Recht,"right, law"
das Ende,end
die Million,million
die Schule,school
die Woche,week
der Vater,father
die Seite,"side, page"
das Leben,life
die Mutter,mother
der Grund,"reason, basis"
das Auge,eye
das Wort,word
das Geld,money
die Art,"type, kind"
der Bereich,"area, region"
der Weg,"path, way"
die Stunde,hour
der Name,name
die Geschichte,"history, story"
die Gesellschaft,"society, company"
der Kopf,head
das Paar,"pair, couple"
die Möglichkeit,possibility
das Unternehmen,"enterprise, company"
das Bild,picture
das Buch,book
das Wasser,water
die Stelle,place
die Form,"form, shape"
die Entwicklung,development
der Monat,month
die Familie,family
der Morgen,morning
der Abend,evening
die Aufgabe,"task, assignment, job"
die Universität,university
der Sinn,"sense, meaning"
der Staat,state
das Ziel,"destination, goal"
der Freund,friend
das Thema,"subject, topic, theme"
die Person,person
der Euro,euro
die Nacht,night
das Ding,thing
der Raum,"room, space"
der Blick,"look, view, glance"
der Platz,"place, room, square"
die Zahl,number
das System,system
die Uhr,"clock, watch, o'clock"
die Eltern,parents
die Straße,street
die Minute,minute
die Gruppe,group
der Wert,value
das Gesicht,face
die Sprache,language
der Anfang,beginning
der Ort,"place, town, location"
der Moment,moment
die Folge,"result, consequence"
das Interesse,interest
die Milliarde,billion
die Rolle,role
die Tür,door
der Schüler,"pupil, student"
die Bedeutung,"meaning, significance"
der Text,text
das Ergebnis,result
der Krieg,war
die Weise,"way, manner"
die Regierung,"rule, government"
das Stück,piece
die Wohnung,apartment
das Gespräch,conversation
der Meter,meter
der Punkt,"dot, point, period"
die Situation,situation
der Lehrer,teacher
der Preis,"price, prize"
die Abbildung,illustration
der Begriff,"concept, idea, term"
die Funktion,function
der Boden,"ground, floor, bottom"
das Jahrhundert,century
der Sohn,son
das Werk,work
die Stimme,"voice, vote"
der Rahmen,"frame, framework"
die Richtung,direction
das Programm,program
die Angst,"fear, anxiety"
die Information,information
die Kunst,art
die Musik,music
die Politik,politics
der Beruf,"occupation, job, profession"
die Regel,rule
der Schritt,step
der Absatz,"sales, paragraph, heel"
der Gott,god
das Auto,"automobile, car"
die Beziehung,"relation, relationship"
die Erfahrung,experience
der Tisch,table
die Zukunft,future
das Spiel,game
das Gefühl,feeling
das Licht,light
der Präsident,president
der Markt,market
die Bank,"bank, bench"
die Partei,political party
die Tochter,daughter
das Verhältnis,relationship
die Kirche,church
der Film,film
der Gedanke,thought
der Doktor,doctor
das Mädchen,girl
die Entscheidung,decision
der Prozess,"trial, process"
der Betrieb,"business, operation"
der Zusammenhang,"connection, context"
das Gesetz,law
der Arm,arm
die Firma,"firm, company"
die Kraft,"strength, power"
der Student,student
das Zuhause,home
die Chance,chance
die Zeitung,newspaper
der Erfolg,success
die Grenze,"border, frontier"
der Satz,sentence
das Angebot,offer
das Internet,internet
die Kultur,culture
die Lage,"situation, location"
die Leistung,performance
das Mitglied,member
das Projekt,project
das Zimmer,room
der Chef,"head, leader, boss"
der Zug,train
der Arzt,"physician, doctor"
das Auftreten,"behavior, conduct, occurrence"
der Fuß,foot
der Körper,body
die Klasse,class
die Lösung,solution
das Verhalten,behavior
die Höhe,"height, altitude"
der Junge,boy
das Fenster,window
die Luft,air
die Meinung,opinion
die Idee,idea
das Produkt,product
das Studium,"study, studies"
der Vergleich,comparison
das Mittel,means
das Modell,model
die Natur,nature
das Bett,bed
der Kunde,"customer, client"
der Mitarbeiter,"employee, co-worker"
der Tod,death
das Geschäft,business
der Spaß,fun
die Wirtschaft,"economy, commerce"
das Tier,animal
die Bewegung,"movement, motion"
der Gast,guest
die Sicherheit,"security, safety"
der Einsatz,"inset, deployment"
das Gebiet,"region, area"
der Dank,gratefulness
das Dorf,village
der Kollege,colleague
die Angabe,"information, statement"
der Bruder,brother
die Verfügung,disposal
das Fach,"compartment, subject"
das Herz,heart
der Kontakt,contact
die Menge,"quantity, amount"
der Sommer,summer
der Unterschied,difference
der Anspruch,claim
die Antwort,"answer, reply"
die Verbindung,"connection, link"
die Vorstellung,"idea, introduction"
die Anwendung,"application, use"
das Alter,age
die Kosten,"costs, expenses"
der Patient,patient
die Polizei,police
das Theater,theater
die Ausbildung,"training, development"
die Gefahr,danger
das Gerät,"tool, piece of equipment, appliance"
der Kilometer,kilometer
die Hilfe,help
der Computer,computer
der Dollar,dollar
das Verfahren,"method, process, technique"
der Vertrag,contract
die Maßnahme,measure
die Mitte,middle
die Ordnung,"order, tidiness"
der Stoff,"material, substance"
der Beginn,beginning
das Glück,"luck, fortune"
das Wochenende,weekend
der Professor,professor
die Reihe,"row, line"
der Westen/West,west
die Bevölkerung,"population, people"
das Institut,institute
der Osten/Ost,east
die Schwester,sister
die Erde,"earth, ground, soil"
die Ebene,"plane, level"
die Reise,"journey, trip"
die Einheit,"unity, unit"
das Haar,hair
das Lächeln,smile
die Nähe,"vicinity, proximity"
das Prinzip,principle
der Vorteil,advantage
die Struktur,structure
der Autor,author
die Bedingung,"condition, stipulation"
das Risiko,risk
die Wahl,"choice, election"
die Wirkung,effect
der Brief,letter
die Größe,"size, height"
die Medien,media
die Macht,"power, strength"
die Untersuchung,"examination, investigation"
die Veränderung,change
die Daten,data
der Einfluss,influence
die Methode,method
die Organisation,organization
die Liebe,love
die Rede,"speech, talk"
der Sport,sport
der Augenblick,moment
die Diskussion,"discussion, debate"
die Forderung,"demand, claim"
der Kreis,"circle, district"
die Technik,"technology, technique"
der Versuch,"attempt, experiment"
das Schweigen,silence
die Krankheit,"illness, disease"
die Schwierigkeit,difficulty
die Tätigkeit,activity
die Voraussetzung,"condition, requirement"
der Kampf,"fight, struggle"
der Künstler,artist
die Region,region
der Eindruck,impression
die Reaktion,reaction
der Beitrag,contribution
das Konzept,"draft, plan"
die Linie,line
der Mund,mouth
der Wunsch,wish
der Artikel,article
der Gegensatz,"opposite, contrast"
das Kapitel,chapter
die Literatur,literature
der Rücken,back
die Zelle,cell
die Aussage,statement
der Bürger,citizen
der Himmel,"sky, heaven"
der Inhalt,"contents, plot"
die Wand,wall
die Bibliothek,library
die Farbe,color
der/die Jugendliche,adolescent
das Maß,measure
der Ansatz,"approach, attempt"
der Aspekt,aspect
das Bein,leg
die Erinnerung,memory
die Kenntnis,knowledge
der Kurs,"course, exchange rate"
das Papier,paper
die Sekunde,second
die Sonne,sun
der Umstand,circumstance
die Wissenschaft,science
der Garten,garden
die Küche,"kitchen, cuisine"
die Wirklichkeit,reality
der Druck,"pressure, printing"
das Essen,"food, meal"
die Grundlage,basis
der Zustand,"condition, state"
die Hälfte,half
das Meer,"sea, ocean"
der Dienst,"service, duty"
der Gegenstand,object
der Plan,plan
der Zeitpunkt,"moment, point in time"
der Auftrag,"instructions, order, job"
der Baum,tree
die Freude,joy
die Gemeinde,"community, municipality"
der Hinweis,hint
das Netz,"net, network"
die Position,position
der Schluss,"end, conclusion"
die Bundesrepublik,Federal Republic
die Forschung,research
das Glas,glass
die Haut,skin
die Praxis,"practice, doctor's office"
der Wald,"forest, woods"
der Ausdruck,"term, expression"
der Finger,finger
die Freundin,friend
der Roman,novel
die Sicht,"view, visibility"
die Theorie,theory
die Umwelt,environment
der Haushalt,"household, budget"
der Hund,dog
die Maschine,machine
die Nummer,number
der Politiker,politician
das Team,team
der Titel,title
der Verein,"association, club"
das Fernsehen,television
die Schulter,shoulder
die Unterstützung,support
das Zeichen,sign
das Material,material
die Produktion,production
der Rest,"rest, remains"
die Ruhe,"silence, peace"
der Schaden,damage
der Soldat,soldier
die Sorge,worry
die Tatsache,fact
die Umgebung,surroundings
das Volk,people
der Wagen,"car, carriage"
der Wind,wind
der Zweck,purpose
der Angriff,attack
der Antrag,application
der/das Grad,degree
der Job,job
die Öffentlichkeit,public
der Schutz,protection
der Anteil,"share, portion"
der/die Beschäftigte,employee
der Besuch,visit
die Energie,energy
die Erklärung,explanation
der Gang,"corridor, aisle, course"
der Lauf,"course, running"
der Unterricht,"instruction, classes"
das Zentrum,center
das Amt,"office, department, function"
der Anschlag,attack
das Ausland,foreign countries
die Behandlung,treatment
die Einrichtung,"institution, furnishings"
das Feld,field
die Hochschule,"college, university"
das Hotel,hotel
das Publikum,"public, audience"
die Studie,study
der/die Vorsitzende,chairperson
die Analyse,analysis
die Spur,"track, lane"
der Berg,"hill, mountain"
die Erkenntnis,"realization, discovery"
der Faktor,factor
der Fehler,"mistake, error"
die Freiheit,freedom
die Freizeit,spare time
die Gegend,"area, region"
die Kritik,"criticism, review"
der Partner,partner
der See,lake
die See,sea
der Typ,type
das Ereignis,event
die Kontrolle,inspection
das Objekt,object
das Opfer,"sacrifice, victim"
der Sprecher,speaker
der Arbeitsplatz,"workplace, job"
die Aufnahme,"reception, recording, snapshot"
die Fähigkeit,"ability, capability"
die Karte,"card, ticket, menu"
der Urlaub,"vacation, holiday"
die Verantwortung,responsibility
die Wahrheit,truth
das Gebäude,building
der Gesellschafter,"associate, shareholder"
das Jahrzehnt,decade
der Norden/Nord,north
das Ohr,ear
die Prüfung,"examination, test"
die Regelung,"regulation, settlement"
das Schiff,ship
die Ausstellung,exhibition
der Bezug,"reference, cover"
die Bitte,request
die Hoffnung,hope
der Band,"volume, tome"
die Band,band (musical)
das Band,"ribbon, tape"
der Bericht,report
die Einstellung,"attitude, employment"
das Gericht,"court, dish"
der Gewinn,profit
der König,king
der Sieg,victory
die Tat,deed
der Traum,dream
die Union,union
der Besucher,visitor
der Bund,"association, alliance"
der Direktor,director
die Geographie,geography
der Hintergrund,background
die Qualität,quality
der Rand,edge
die Vergangenheit,past
der Abschnitt,"portion, section"
der Bauer,farmer
die Ehe,marriage
die Ursache,cause
der Verlust,loss
der Winter,winter
der Zuschauer,spectator
die Anzahl,number
die Insel,island
das Instrument,instrument
die Nachricht,"news, message"
die Pflanzen,plant
die Störung,"disturbance, interruption"
der Vertreter,representative
der Vorschlag,"suggestion, proposal"
der Zentimeter,centimeter
der Abstand,distance
die Bildung,education
die Eigenschaft,quality
die Generation,generation
der Leiter,leader
die Leiter,ladder
der Abschluss,"end, conclusion"
das Blatt,"sheet, leaf"
der Geist,"mind, spirit"
das Interview,interview
das Semester,semester
der Stand,"stand, stage"
die Tradition,tradition
die Anlage,"sport complex, investment, attachment"
die Behörde,"department, authorities"
die Bühne,stage
die Dame,lady
das Element,element
die Gelegenheit,opportunity
der Hof,"courtyard, yard"
die Kommunikation,communication
die Mama,mamma
das Museum,museum
die Nutzung,use
die Basis,basis
die Ecke,corner
der Herbst,autumn
das Kriterium,criterion
der Terror,terror
das Verständnis,understanding
die Zusammenarbeit,cooperation
die Ansicht,"opinion, view"
die Auseinandersetzung,"argument, quarrel"
die Bahn,"train, railway, way"
die Bürgermeister,mayor
die Definition,definition
das Flugzeug,airplane
das Foto,photograph
die Masse,"mass, crowd"
die Nation,nation
die Phase,phase
der Stein,"rock, stone"
der Ton,"sound, tone, clay"
die Veranstaltung,event
die Änderung,change
die Ausnahme,exception
der Bau,"construction, building"
das Hobby,hobby
der Kaffee,coffee
der Konflikt,conflict
die Leitung,"management, leadership, pipe"
die Lust,desire
die Mehrheit,majority
der Nachmittag,afternoon
die Rechnung,"bill, calculation"
das Schloss,"lock, castle"
die Aktivität,activity
das Dach,roof
das Fest,"festival, celebration"
der Kandidat,candidate
die Landschaft,"landscape, countryside"
die Mannschaft,"crew, team"
die Mauer,wall
die Runde,round
der Stern,star
der Experte,expert
die Gestalt,"shape, form, figure"
der Laden,shop
der Meister,master
die Stellung,"position, standing"
der Zugang,access
die Branche,"sector, line of business"
die Figur,figure
der Frieden,peace
die Industrie,industry
der Umgang,"dealings, contact"
der Vorgang,occurrence
das Wachstum,growth
das Büro,office
die Darstellung,"presentation, description"
der Fußball,"soccer, football"
die Gewalt,"violence, force"
die Institution,institution
die Katze,cat
der Konzern,business group
das Lager,"camp, storeroom"
die Lehre,"apprenticeship, lesson, doctrine"
das Pferd,horse
der Rat,advice
der Schatten,"shadow, shade"
die Spitze,"point, top, peak"
die Strecke,"distance, route"
die Szene,scene
die Weltmeisterschaft,world championship
das Blut,blood
die Dauer,length of time
das Feuer,fire
das Gymnasium,secondary school
die Konsequenz,consequence
die Nase,nose
der Stuhl,chair
der Süden/Süd,south
das Tor,"gate, goal"
der Verband,"association, bandage"
die Aktie,share
die Aktion,"action, campaign"
der Anlass,"occasion, cause"
die Ausgabe,"distribution, edition, expenses"
der Ausländer,foreigner
das Bundesland,"state, province"
der Club,club
der Fluss,river
die Führung,"management, leadership, command"
die Geschwindigkeit,speed
das Gut,"estate, goods"
die Medizin,medicine
der Nachbar,neighbor
die Software,software
die Stufe,"step, level"
das Telefon,telephone
der Terrorismus,terrorism
der Trainer,coach
der Zweifel,doubt
die Anforderung,"request, demand"
das Bad,"bath, bathroom, spa"
die Belastung,"load, strain"
der Bus,bus
der Effekt,effect
die Messe,"trade fair, mass"
der Umfang,"circumference, size, extent"
die Vorschrift,"instruction, regulation"
das Fahrrad,bicycle
die Kommission,"commission, committee"
das Krankenhaus,hospital
der Mangel,"lack, shortage, defect"
der Richter,judge
der Terrorist,terrorist
das Urteil,"sentence, judgement"
der Anbieter,supplier
die Decke,"ceiling, blanket"
der Fisch,fish
das Fleisch,"meat, flesh"
die Jugend,youth
der Schmerz,"pain, grief"
die Schuld,guilt
die Stimmung,"mood, atmosphere"
die Tasche,"pocket, bag"
der Wein,wine
die Welle,wave
der Wettbewerb,competition
das Wetter,weather
die Alternative,alternative
die Auswirkung,effect
das Bedürfnis,need
die Haltung,"posture, attitude"
der Leser,reader
die Tante,aunt
die Temperatur,temperature
die Waffe,weapon
die Ware,goods
die Ahnung,"suspicion, idea"
die Brust,"breast, chest"
die Einführung,introduction
die Fahrt,"drive, trip"
die Förderung,"support, sponsorship"
das Kleid,dress
die Koalition,coalition
die Länge,length
das Loch,hole
der Manager,manager
die Quelle,"source, spring"
der Regen,rain
die Religion,religion
der Spieler,player
die Summe,sum
der Termin,"appointment, date"
der Test,test
der Tourist,tourist
der Umsatz,"turnover, sales"
das Vertrauen,"trust, faith"
die Verwendung,use
der Vorwurf,"reproach, accusation"
der Wissenschaftler,"scholar, scientist"
das Bier,beer
die Bundesregierung,federal government
das Konzert,concert
die Krise,crisis
die Landwirtschaft,agriculture
das Leid,"sorrow, grief"
das Lied,song
das Merkmal,feature
das Parlament,parliament
die Pause,"pause, break"
die Perspektive,"perspective, prospects"
das Phänomen,phenomenon
die Realität,reality
die Suche,search
der Weltkrieg,world war
der Arbeitgeber,employer
der Aufbau,"construction, structure"
die Bestimmungen,"regulation, purpose, fate"
die Botschaft,message
das Brot,bread
die Flasche,bottle
die Formel,formula
der Fortschritt,progress
der Geburtstag,birthday
die Gegenwart,present
die Hauptstadt,capital city
die Mühe,"effort, trouble"
die Nachfrage,demand
die Pflicht,duty
der Studiengang,course of study
der Teilnehmer,participant
der Wille,will
die Debatte,debate
die Fremdsprache,foreign language
der Gegner,"opponent, competitor, enemy"
die Hinsicht,respect
der Käufer,buyer
das Kilogramm,kilogram
die Verwaltung,administration
die Weile,while
die Adresse,address
der Betrag,amount
der Hals,"neck, throat"
die Heimat,"home, homeland"
der Kauf,purchase
das Kino,"cinema, movie theater"
die Konkurrenz,competition
die Mathematik,mathematics
die Schicht,"layer, class"
der Schwerpunkt,"main emphasis, center of gravity"
der Streit,"argument, fight"
die Verhandlung,negotiation
der Ablauf,"expiry, action"
der Arbeitnehmer,employee
das Drittel,third
der/die Erwachsene,"adult, grown-up"
der Fahrer,driver
das Gegenteil,opposite
die Gemeinschaft,community
die Gewerkschaft,trade union
der Handel,trade
der Kanzler,chancellor
das Management,management
der Millimeter,millimeter
der Minister,minister
der Nachteil,disadvantage
die Platte,"disk, record, plate"
der Sitz,"seat, headquarters"
der Start,"start, take-off, launch"
die Tabelle,"table, chart"
der Tourismus,tourism
der Verdacht,suspicion
der Vogel,bird
der Widerstand,"resistance, opposition"
der/die Beamte,"official, civil servant"
die Investition,investment
die Planung,"planning, plan"
der Polizist,policeman
der Schriftsteller,writer
die Stärke,strength
die Steuer,tax
das Steuer,"steering wheel, helm"
die Therapie,therapy
die Überlegung,"thought, thinking"
der Verkehr,traffic
die Verletzung,injury
der/die Abgeordnete,"member of the parliament, congress"
der Anschluss,connection
die Armee,army
die Atmosphäre,atmosphere
die Auswahl,"choice, selection"
die Beschreibung,description
das Boot,boat
die Einnahmen,"income, receipts, revenue"
die Erkrankung,"illness, disease"
die Fläche,"area, surface"
der Flughafen,airport
das Gehirn,brain
die Gesundheit,health
der Park,park
der PC,computer
die Physik,physics
die Post,"mail, post office"
die Saison,season
die Stirn,forehead
die Strategie,strategy
der Wechsel,change
der Alltag,"workday, daily routine"
der Auftritt,"appearance, entrance"
der Bahnhof,railway station
der Bundeskanzler,federal chancellor
die Demokratie,democracy
die Erwartung,expectation
das Fahrzeug,vehicle
die Fotografie,photography
der Hersteller,"manufacturer, producer"
das Holz,wood
das Knie,knee
die Kombination,combination
die Liste,list
das Niveau,"level, standard"
der Pfarrer,pastor
das Schicksal,fate
die Schrift,"script, handwriting"
der Standort,"site, location"
der Verlag,publishing company
der Zeltraum,period of time
die Abteilung,department
der Beweis,"proof, evidence"
das Detail,detail
die Dimension,dimension
der Forscher,researcher
die Integration,integration
die Kasse,"cash register, checkout"
die Kategorie,category
der Organismus,organism
das Radio,radio
der Unfall,accident
die Verbesserung,improvement
die Verpflichtung,"commitment, obligation"
das Abitur,"school leaving exam, A levels"
der Bedarf,"need, demand"
die Beratung,"advice, discussion, consultation"
die Beschäftigung,"employment, job, activity, occupation"
die Betrachtung,"contemplation, examination"
das Frühjahr,spring
das Gewicht,weight
der Journalist,journalist
die Kompetenz,"competence, authority"
das Lebensmittel,food
der Mittelpunkt,"midpoint, center of focus"
der Spiegel,mirror
der Strand,beach
die Treppe,stairs
das Vermögen,"assets, fortune, ability"
das Wesen,"being, creature, nature"
die Arbeitslosigkeit,unemployment
die Beobachtung,observation
der Bestandteil,component
die Beteiligung,participation
die Bewertung,assessment
die Bezeichnung,"name, term"
die Brücke,bridge
die CD,CD
der Gebrauch,use
der Geschäftsführer,manager
die Lippe,lip
der Ministerpräsident,"governor, minister, president"
der Nutzen,"benefit, profit, use"
der Ruf,"reputation, call"
das Signal,signal
der Standard,standard
der Start,"star, starling"
die Substanz,substance
die Taste,"key, button"
das Teilchen,particle
die Versicherung,"insurance, assurance"
die Vorbereitung,preparation
der Vordergrund,foreground
der Anwalt,"attorney, lawyer"
das Experiment,experiment
der Glauben,"faith, belief"
der Grundsatz,principle
die Komponente,component
die Oberfläche,surface
das Reich,"empire, kingdom"
das Rennen,race
der Schlag,blow
der Schuh,shoe
das Seminar,seminar
die Sendung,broadcast
die Spannung,"suspense, tension"
die Technologie,technology
die Truppe,"troops, unit"
das Umfeld,milieu
der Verbraucher,consumer
der Verkauf,sale
das Viertel,"quarter, district"
das Vorjahr,previous year
die Bilanz,balance sheet
das Erlebnis,experience
das Grundstück,plot of land
die Identität,identity
die Kamera,camera
der Kanal,"canal, channel"
die Karriere,career
der Kredit,credit
das Quartal,quarter of the year
das Rad,wheel
der Rechner,"computer, calculator"
der Schlaf,sleep
der Sender,broadcasting station
das Tal,valley
die Tiefe,depth
das TV,TV
der Verlauf,course
die Zigarette,cigarette
der Aktionär,shareholder
der Atem,breath
die Auffassung,point of view
der Bewohner,"inhabitant, occupant"
der Charakter,character
das Einkommen,income
die Erziehung,"upbringing, education"
die Geburt,birth
die Halle,hall
die Herausforderung,challenge
die Informationstechnologie,information technology
der Mittag,"noon, midday"
die Niederlage,defeat
die Norm,norm
die Reform,reform
das Restaurant,restaurant
der Schauspieler,actor
der Schnee,snow
die Schülerin,schoolgirl
der Service,service
die Sitzung,"meeting, session"
der Sturm,storm
die Träne,tear
die Trauer,grief
der Vorstand,"board, chairperson"
der Zufall,"chance, coincidence"
die Zustimmung,approval
der/die Angehörige,"member, relative"
die Annahme,"acceptance, assumption"
das Argument,argument
das Arzneimittel,medicine
der Außenminister,foreign minister
der Benutzer,user
der Bescheid,"information, reply"
die Blume,flower
die Bundeswehr,Armed Forces
die Disziplin,discipline
die Existenz,existence
die Fraktion,parliamentary party
das Grundgesetz,basic law
der Händler,"trader, dealer, retailer"
der Hinblick,view
das Individuum,individual
die Katastrophe,catastrophe
das Motiv,motive
der Musiker,musician
die Opposition,opposition
der Papa,daddy
das Personal,staff
der Sand,sand
die Station,station
die Tendenz,trend
das Training,training
die Umsetzung,"transfer, implementation"
der Verkäufer,salesman
die Versorgung,"supply, care"
der Wandel,change
das Wunder,miracle
die Angelegenheit,"matter, affair"
die Auskunft,information
das Ausmaß,"extent, size"
die Begründung,"explanation, justification"
das Engagement,commitment
die Entfernung,distance
der Fleck,stain
die Handlung,"action, plot"
das Immunsystem,immune system
der Koffer,suitcase
die Not,"need, trouble"
die Persönlichkeit,"personality, celebrity"
der Schlüssel,key
der Schreibtisch,desk
die Seele,"soul, mind"
der Unternehmer,employer
die Unternehmung,"undertaking, venture"
die Vereinbarung,agreement
das Video,video
die Wahrnehmung,perception
der/die Angestellte,employee
die Äußerung,comment
die Begegnung,"encounter, meeting"
das Café,coffee house
die Datei,data file
die Dienstleistung,service
die Erzählung,"narration, story"
die Ferne,distance
das Gedicht,poem
die Gründung,foundation
der Keller,cellar
das Konto,account
die Operation,operation
die Qualifikation,qualification
die Sammlung,collection
die Tonne,"ton, barrel"
der Träger,"holder, responsible body"
der Trend,trend
die Variante,"variant, variation"
der/die Verwandte,relative
die Vielfalt,diversity
die Vielzahl,multitude
die Zahlung,payment
der Arbeiter,worker
der Aufwand,"expense, effort"
die Aufwendungen,expenditure
der Bauch,belly
die Berechnung,calculation
der Bestandteil,"continuation, stock, supply"
das Entwicklungsland,developing nation
der Entwurf,"sketch, design, draft"
die Fachhochschule,technical college
der Fernseher,television
die Finanzierung,financing
die Hose,"trousers, pants"
der Impuls,"stimulus, impulse"
das Kapital,capital
der Kern,"seed, core, nucleus"
der Motor,"motor, engine"
der Rang,"standing, status"
der Regisseur,director
die Republik,republic
das Salz,salt
der Stil,style
die Vermittlung,"negotiation, placement"
der Wahlkampf,election campaign
die Wolke,cloud
der Zahn,tooth
die Anstrengung,effort
die Behinderung,"obstruction, handicap"
die Berücksichtigung,consideration
der Bord,board
der Dichter,"writer, poet"
der Eingriff,"intervention, interference"
der Einwohner,inhabitant
der Fan,"fan, supporter"
die Hütte,"hut, cabin"
die Kooperation,cooperation
die Stasi,state security service
das Symbol,symbol
der Täter,"culprit, perpetrator"
die Tour,"tour, trip"
die Trennung,separation
die Übertragung,"transmission, broadcast"
die Verfassung,constitution
die Zeitschrift,"magazine, journal"
die Absicht,intention
der Architekt,architect
die Aufmerksamkeit,attention
der Beschluss,"decision, resolution"
die Bibel,bible
die Bindung,"relationship, attachment"
die Börse,stock market
das Business,business
der Ehegatte,husband
die Einschätzung,"opinion, assessment, evaluation"
das Elektron,electron
die Entstehung,origin
die Erweiterung,"expansion, extension"
der Feind,enemy
die Flucht,"flight, escape"
der Flüchtling,refugee
das Geschlecht,"sex, gender"
das Gewissen,conscience
der Gläubiger,"creditor, believer"
der Griff,"handle, grip, grasp"
der Halt,"stop, hold"
das Hemd,shirt
die Infektion,infection
der Kindergarten,nursery school
das Klima,climate
der Kontinent,continent
die Kündigung,"termination, notice of dismissal"
der Mantel,coat
das Marketing,marketing
der Mister,mister
der Mut,courage
die Nebenwirkung,side effect
die Oper,opera
das Orchester,orchestra
das Paket,"parcel, package"
die Ressource,resource
die Revolution,revolution
die Richtlinie,guideline
die Rückkehr,return
die Scheibe,"disc, slice, glass pane"
die Stille,"peace, silence"
der Stress,stress
die These,thesis
der Transport,transportation
der Übergang,"crossing, transition"
das Vorbild,"model, example"
das Vorgehen,action
der Widerspruch,"contradiction, dissent"
die Wüste,desert
der Alkohol,alcohol
die Anerkennung,recognition
der Aufenthalt,"stay, residence"
die Aussicht,"prospect, view"
der Ball,ball
die Bemerkung,"remark, comment"
der Besitz,"property, possession"
die Chemie,chemistry
die Distanz,distance
das Ei,egg
die Frist,"time period, deadline"
das Geschenk,gift
die Gestaltung,"design, organization"
das Heim,home
der Höhepunkt,"high point, peak"
der Horizont,horizon
die Konferenz,conference
das Kreuz,cross
die Notwendigkeit,necessity
das Organ,organ
die Presse,press
die Rechtsprechung,jurisdiction
das Regal,shelf
der Ring,ring
die Übung,"exercise, practice"
der Vortrag,lecture
die Zeile,line
die Ausführung,"implementation, type"
der Besitzer,owner
das Center,center
der Eingang,entrance
die Erscheinung,"phenomenon, appearance"
die Ferien,"holiday, vacation"
der Flug,flight
die Fragestellung,problem
die Freundschaft,friendship
das Frühstück,breakfast
das Gehalt,salary
der Gehalt,"meaning, contents"
das Geheimnis,secret
das Geräusch,"sound, noise"
der Geschmack,taste
das Gold,gold
der Hafen,harbor
der Hut,hat
die Hut,care
die Interpretation,interpretation
die Klage,"complaint, lawsuit"
die Klinik,"clinic, hospital"
die Lehrerin,teacher
die Marke,"brand, stamp"
das Medikament,"medicine, drug"
die Miete,rent
das Öl,oil
der Pass,"pass, passport"
die Phantasie,"imagination, fantasy"
die Prognose,prognosis
das Protein,protein
das Protokoll,"minutes, record"
der Schreck,"fright, shock"
die Serie,series
der Tee,tea
der Turm,tower
die Überzeugung,conviction
die Vorgabe,guideline
das/die Weihnachten,Christmas
die Wende,change
die Abhängigkeit,dependence
der Arbeitsmarkt,labor market
der Ärger,"annoyance, trouble"
der Austausch,exchange
die Betreuung,care
die Bombe,bomb
der Dialog,dialogue
die/das E-Mail,e-mail
die Entschuldigung,"apology, excuse"
die Erhöhung,increase
das Gas,gas
das Gen,gene
die Hitze,heat
die Kindheit,childhood
das Klavier,piano
die Konzentration,concentration
der Leib,body
der Maler,painter
die Menschheit,humanity
die Milch,milk
der Mord,murder
der Pilot,pilot
das Resultat,result
der Riese,giant
der Stock,"stick, floor"
die Strafe,punishment
der Übersetzer,translator
das Ufer,"shore, bank"
die Umfrage,survey
das Baby,baby
die City,city center
die Differenz,difference
die Dunkelheit,darkness
das Dutzend,dozen
das Eis,"ice, ice cream"
der Empfang,reception
der Empfänger,recipient
die Ernährung,"food, diet"
der Gesichtspunkt,point of view
die Großmutter,grandmother
die Herkunft,origin
die Hochzeit,wedding
der Hunger,hunger
die Konjunktur,state of the economy
der Konkurrent,competitor
die Last,"load, burden"
das Lebensjahr,year of one's life
das Medium,medium
die Mischung,mixture
das Muster,"pattern, model"
der Nachfolger,successor
die Note,"note, grade"
der Onkel,uncle
das Potenzial,potential
der Protest,protest
der Reiz,"stimulus, appeal"
der Rohstoff,raw material
der Sachverhalt,facts
der Schuss,shot
die Sicherung,"protection, fuse"
der Sieger,winner
die Statistik,statistics
die Strahlung,radiation
das Taxi,taxi
das Turnier,tournament
die Übernahme,takeover
die Verarbeitung,processing
die Veröffentlichung,publication
die Verteilung,distribution
die Wiedervereinigung,reunification
der Witz,joke
der Abschied,"departure, parting"
die Benutzung,use
die Beurteilung,judgement
der Bewerber,applicant
das Defizit,deficit
die Einschränkung,restriction
die Ermittlung,investigation
der Ertrag,yield
der Flur,"hall, corridor"
das Format,format
der Held,hero
die Herstellung,production
der Kaiser,emperor
die Kammer,small room
die Kette,chain
die Kleidung,clothes
die Kneipe,"pub, bar"
der Kritiker,critic
die Küste,coast
das Messer,knife
die Messung,"measuring, measurement"
das Motto,motto
der Nutzer,user
der Passagier,passenger
die Premiere,opening night
die Probe,"sample, test, rehearsal"
der Quadratmeter,square meter
der Saal,hall
die Schwäche,weakness
der Sektor,sector
der Sprung,jump
das Symptom,symptom
das Tennis,tennis
das Top,top
das Tuch,cloth
die Überraschung,surprise
die Übersetzung,translation
die Verbreitung,spread
das Virus,virus
das Vorhaben,"plan, project"
die Vorlage,"draft, model"
die Wärme,"warmth, heat"
die Werbung,advertising
die Wiese,meadow
das Zelt,tent
der Anhänger,"supporter, trailer"
die Anzeige,"display, advertisement"
die Aufklärung,"enlightenment, solution"
die Auflösung,"dissolving, breaking up"
die Bestellung,"order, reservation"
der Bude,boy
das Bündnis,alliance
die Burg,castle
der Dialekt,dialect
die Durchführung,carrying out
die Einigung,agreement
die Einsicht,"view, insight"
das Gedächtnis,memory
das Gefängnis,gesture
die Gleichung,equation
die Herrschaft,"power, reign"
die Infrastruktur,infrastructure
der Katalog,catalogue
die Meldung,report
die Mission,mission
die Mitteilung,"communication, announcement"
die Nahrung,"nourishment, food"
der Nebel,fog
der Offizier,officer
die Oma,grandma
die Philosophie,philosophy
die Realisierung,implementation
der Schein,"light, appearance, certificate"
der Schnitt,cut
die Schnittstelle,interface
die Schulden,debt
die Sehnsucht,longing
der Skandal,scandal
das Stadion,stadium
der Tipp,"tip, hint"
das Wiedersehen,reunion
die Wunde,wound
die Wurzel,root
die Zeuge,witness
das Zeugnis,"report, testimonial"
der Anblick,sight
das Anliegen,request
die Anpassung,adaptation
der Anstieg,"rise, increase"
das Arbeitsamt,employment office
der Befehl,order
die Bereitschaft,willingness
die Beschwerde,complaint
der Bogen,"bow, arc, sheet"
die Bundesliga,national sports division
die Droge,drug
die Ehre,honor
das Eigentum,property
der Einzelfall,"individual, case"
die Epoche,epoch
der Erreger,"agent, virus, germ"
die Feststellung,"observation, remark"
die Formulierung,formulation
das Gelände,"ground, site"
der/die Geliebte,lover
die Geschwister,siblings
das Gramm,gram
die Inszenierung,"production, staging"
der Kapitän,captain
die Kiste,"box, crate"
der Knochen,bone
der Kontext,context
das Kunstwerk,work of art
das Lebewesen,living being
der Lastkraftwagen,truck
der Lohn,"wage, pay, reward"
der Magen,stomach
die Mode,fashion
der Mörder,murderer
die Öffnung,"opening, hole"
die Partie,game
das Rathaus,town hall
die Reflexion,reflection
die Rente,pension
die Show,show
die Stiftung,"foundation, institute, donation"
der Teller,plate
die Unterscheidung,"differentiation, distinction"
die Version,version
der Wähler,voter
die Wechselwirkung,interaction
der Zettel,"piece of paper, note"
der Zins,interest
die Zone,zone
der Abbau,"reduction, decline, mining"
die Agentur,agency
die Akademie,academy
die Anfrage,"inquiry, request"
die Aufführung,performance
die Auflage,"edition, condition, plating"
der Ausbau,"extension, consolidation"
der Bär,bear
das Bedenken,"concern, doubt"
der Buchstabe,letter
das Dokument,document
die Einzelheit,detail
die Erfüllung,fulfillment
der Führer,"leader, guide"
die Fusion,"fusion, merger"
der Geruch,smell
das Gleichgewicht,balance
der Investor,investor
der Kerl,"fellow, bloke"
die Kollegin,colleague
der Komponist,composer
die Kurve,curve
das Labor,laboratory
der Landkreis,district
das Märchen,fairy tale
das Mittelalter,Middle Ages
das Möbel,piece of furniture
die Moderne,modern age
der Nerv,nerve
der Ofen,"oven, stove"
die Pflege,care
die Plattform,platform
der Posten,"post, position"
der Profi,"pro, professional"
das Regime,regime
der Rock,"skirt, rock music"
der Rücktritt,resignation
der Schrank,"cabinet, wardrobe"
die Sekretärin,secretary
die Solidarität,solidarity
der Sportler,athlete
die Stabilität,stability
der Status,status
der Staub,dust
der Tanz,dance
der Topf,pot
der Überblick,"view, overview"
die Unsicherheit,uncertainty
der Vorhang,curtain
der Winkel,"angle, corner"
das Zitat,"quotation, quote"
das Abenteuer,adventure
die Abgrenzung,disassociation
der Akt,act
der Akteur,"player, actor"
die Allianz,alliance
die Armut,poverty
der Ausgleich,"balancing, compensation, change"
die Begeisterung,enthusiasm
der Bezirk,district
die Diagnose,diagnosis
das Dunkel,darkness
der Durchmesser,diameter
die Einladung,invitation
die Empfehlung,recommendation
die Eröffnung,opening
der Felsen,rock
die Flüssigkeit,liquid
das Fräulein,"young lady, miss"
der Friedhof,cemetery
die Front,front
die Fülle,abundance
das Gebirge,mountains
das Geschäftsjahr,financial year
das Gras,grass
die Großstadt,"city, large town"
der Hang,"slope, inclination"
der Hügel,hill
der Ingenieur,engineer
der Kongress,"congress, convention"
der Muskel,muscle
der Nachweis,"proof, evidence, certificate"
die Orientierung,orientation
der Personenkraftwagen,"car, auto"
der Rhythmus,rhythm
die Rücksicht,consideration
der Senat,senate
die Steuerung,"control, steering"
der Stolz,pride
die Teilnahme,participation
das Universum,universe
die Unterhaltung,"entertainment, conversation"
die Unterlagen,documents
die Vereinigung,"organization, association, unification"
die Vertretung,"replacement, substitute"
die Volkshochschule,adult education center
die Vorsicht,caution
die Wahrscheinlichkeit,probability
die Wange,cheek
das Werkzeug,tool
die Zeichnung,drawing
die Zunahme,increase
die Zwiebel,"onion, bulb"
die Ablehnung,"refusal, rejection"
die Abstimmung,"vote, coordination"
die Anordnung,order
die Anregung,"stimulus, idea"
der Aufsatz,essay
der Backofen,oven
die Bakterie,bacterium
der Befund,results
die Bemühung,effort
der Beobachter,observer
der Berater,"advisor, consultant"
der Betrachter,observer
das Betriebssystem,operating system
der Bildschirm,"screen, monitor"
die Blüte,blossom
die Brille,glasses
die Datenverarbeitung,data processing
der Eigentümer,owner
die Eintragung,"entry, registration"
das Ensemble,ensemble
die Enttäuschung,disappointment
die Faust,fist
das Festival,festival
die Galerie,gallery
das Gemüse,vegetables
die Genehmigung,"approval, permit, permission"
der Großvater,grandfather
die Grundschule,primary school
der Hass,hatred
die Höhle,cave
die Innenstadt,"town center, downtown"
das Kloster,"monastery, convent"
die Kohle,coal
der Konsument,consumer
der Lärm,noise
der Liter,liter
das Lokal,"pub, bar"
die Malerei,painting
der Maßstab,"scale, yardstick, standard"
die Materie,matter
die Münze,coin
das Netzwerk,network
das Praktikum,internship
der Rückgang,"fall, decline"
der Sack,sack
der Schuldner,debtor
die Sportart,"type of sport, discipline"
der Stamm,"trunk, stem, tribe"
der Streifen,"stripe, strip"
die Tasse,cup
der Teppich,carpet
der Teufel,devil
die Überprüfung,"screening, check, inspection"
der Unsinn,nonsense
das Verbot,"ban, prohibition"
die Vermutung,"assumption, presumption"
die Versammlung,"meeting, gathering, assembly"
die Wäsche,"washing, laundry"
die Werkstatt,"workshop, garage"
die Wirtschaftspolitik,economic policy
das Zeug,stuff
die Zunge,tongue
der Zwang,"force, pressure, compulsion"
das Antibiotikum,antibiotic
die Anweisung,instruction
der Anzug,suit
die Architektur,architecture
das Atom,atom
der Aufstieg,"climb, rise"
der Ausflug,"outing, trip"
der Ausgang,"exit, outcome, starting point"
die Ausstattung,"equipment, provision, furnishings"
die Bearbeitung,"working, handling"
die Besonderheit,"characteristic, specific, feature"
der Betracht,consideration
die Biologie,biology
die Breite,width
die Butter,butter
der Champion,champion
die Differenzierung,differentiation
der Dirigent,musical conductor
die Entdeckung,discovery
die Erfindung,invention
der Ersatz,"replacement, compensation"
die Feuerwehr,fire brigade
das Fieber,fever
die Fluggesellschaft,airline
die Gebühr,fee
das Gepäck,luggage
das Gerücht,rumor
der Gesetzgeber,"legislator, legislature"
die Gliederung,"structure, organization"
das Grab,grave
der Grenzwert,"limiting value, limit"
das Handwerk,"craft, trade"
das Heft,notebook
der Helfer,"helper, accomplice"
die Intelligenz,intelligence
der Jäger,hunter
die Kartoffel,potato
der Käse,cheese
der Klang,"sound, tone"
der Kompromiss,compromise
die Königin,queen
die Konstruktion,"construction, design"
der Kreislauf,circulation
die Kugel,"ball, sphere, bullet"
die Kuh,cow
die Leiche,corpse
die Leidenschaft,passion
die Leistungsfähigkeit,"productivity, power"
die Lieferung,delivery
die Liga,league
das Milligramm,milligram
der Nachwuchs,"offspring, new generation"
der Nacken,neck
das Olympia,Olympics
der Parteitag,"party conference, convention"
die Party,party
der Planet,planet
der Priester,priest
die Problematik,"problematic nature, problems"
die Rezession,recession
der Salon,"salon, drawing room"
die Schauspielerin,actress
die Schwangerschaft,pregnancy
der Schweiß,sweat
die Skala,"scale, dial, range"
die Spalte,"fissure, cleft, column"
das Spektrum,spectrum
die Steckdose,"socket, electrical outlet"
die Tafel,"board, table"
das Tagebuch,diary
das Talent,talent
das Tempo,"pace, speed"
die Unruhe,"restlessness, agitation"
die Unterschrift,signature
der Ursprung,origin
das Verbrechen,crime
das Vergnügen,pleasure
die Verhaltensweise,behavior
der Vermieter,landlord
die Vernunft,reason
die Verordnung,"prescription, order"
die Villa,villa
der Vormittag,morning
das Wohnzimmer,living room
die Zerstörung,destruction
der Zinssatz,interest rate
die Zulassung,"admission, license"
die Zusammensetzung,composition
die Abschreibung,"deduction, depreciation"
die Achse,"axle, axis"
die Anwesenheit,presence
die Aufregung,excitement
die Autobahn,"expressway, motorway"
die Batterie,battery
das Chaos,chaos
die Chefin,"director, boss"
der Chip,"chip, crisp"
der Chor,"choir, chorus"
das Design,design
der Dolmetscher,interpreter
der Durchschnitt,average
das Ehepaar,married couple
der Einbruch,"break in, collapse"
der Eintritt,"entry, admission"
die Erholung,"recovery, relaxation, rest"
der Europäer,European
die Fabrik,factory
die Furcht,fear
die Geduld,patience
der General,general
das Getränk,"drink, beverage"
das Gewehr,"rifle, shotgun"
das Glied,"limb, joint, link"
der Graf,"count, earl"
das Gremium,committee
die Gunst,"goodwill, favor"
das Gutachten,"report, reference"
der Handwerker,"workman, tradesman"
die Haustür,front door
die Hypothese,hypothesis
die Kassette,"cassette, tape"
der Kasten,"box, crate"
der Kommentar,"comment, opinion"
die Konzeption,"concept, conception"
die Kreativität,creativity
das Magazin,"magazine, storehouse"
der Marktanteil,market share
die Maus,mouse
das Menschenrecht,human right
der Mieter,tenant
das Militär,military
die Minderheit,minority
das Ministerium,"ministry, department"
der Mythos,"myth, legend"
die Naturwissenschaft,natural science
der Parkplatz,parking place
die Partnerschaft,partnership
die Periode,period
das Präparat,"preparation, medication"
die Provinz,"province, provinces"
die Rahmenbedingung,"prevailing, condition"
der Regierungschef,head of government
die Säule,"column, pillar"
die Scheidung,divorce
die Schönheit,beauty
der Spezialist,specialist
die Steigerung,increase
der Stellvertreter,deputy
die Subvention,subsidy
das Ticket,ticket
der Tunnel,tunnel
die Übersicht,overview
die Uniform,uniform
das Unrecht,"injustice, wrong"
das Vitamin,vitamin
die Volkswirtschaft,national economy
die Vorlesung,lecture
die Weiterbildung,continuing education
die Zielsetzung,"target, objective"
der Zucker,sugar
das Abkommen,agreement
der Absolvent,graduate
die Abwehr,defense
der Apfel,apple
die Arbeitskraft,"work capacity, worker"
der Assistent,assistant
die Auswertung,"evaluation, analysis"
die Bar,bar
die Bedrohung,threat
die Bekämpfung,"fighting, controlling"
die Beschränkung,restriction
der Block,block
das Darlehen,loan
das Datum,date
die Erhaltung,"preservation, maintenance"
der Erzähler,"storyteller, narrator"
der Fachbereich,"academic department, field"
die Fachleute,experts
die Fakten,facts
die Fassung,"version, composure, frame, socket"
der Flügel,wing
das Forum,"forum, audience, public discussion"
die Frequenz,frequency
die Frucht,fruit
die Gerechtigkeit,justice
der Gipfel,"peak, summit"
der Großteil,"large part, majority"
der Hörer,"listener, receiver"
das Industrieland,industrialized country
die Jacke,jacket
die Jagd,"hunt, chase"
die Jahreszeit,season
die Lampe,lamp
die Linse,lens
die Lücke,gap
das Metall,metal
der Missbrauch,"abuse, misuse"
die Motivation,motivation
die Option,option
der Ordner,file
der Ozean,ocean
der Physiker,physicist
die Pistole,pistol
die Reichweite,"reach, range"
die Reparatur,repair
der Respekt,respect
die Rose,rose
der Rucksack,"rucksack, backpack"
der Sänger,singer
die Tablette,"tablet, pill"
die Tageszeitung,daily newspaper
der Therapeut,therapist
der Umzug,"move, parade"
der Veranstalter,organizer
die Verknüpfung,"combination, link"
das Vorfeld,advance
der Vorgänger,predecessor
die Währung,currency
der Weltmeister,world champion
die Wut,"rage, fury"
die Zuordnung,"classification, assignment"
der Zuwachs,increase
der Abfall,"waste, trash"
die Akte,file
die Anleihe,"loan, bond, borrowing"
die Arbeitszeit,working hours
der Aufsichtsrat,supervisory board
der Ausgangspunkt,starting point
die Ausrichtung,"orientation, organization"
der Ausweis,identity card
die Beachtung,"attention, consideration"
das Diplom,"degree, diploma"
der Einblick,insight
der Engel,angel
die Erfassung,"recording, entry"
die Fahne,flag
die Fakultät,faculty
die Fassade,"facade, front"
die Feier,celebration
der Frühling,spring
der Gemeinderat,district council
das Gewebe,"fabric, tissue"
der Gruß,greeting
der Jurist,"jurist, law student"
die Kerze,candle
der Koch,cook
die Kommune,"municipality, local authority"
die Koralle,coral
die Krankenkasse,"health insurance, company"
der Kunststoff,"synthetic material, plastic"
die Landesregierung,state government
die Laune,mood
das Nahrungsmittel,food
der Philosoph,philosopher
der Prinz,prince
das Profil,profile
die Relation,"appropriateness, proportion, relation"
das Riff,reef
die Schlange,"snake, line"
das Schwein,pig
die Selbstständigkeit,independence
die Siedlung,"settlement, housing development"
der Spruch,"saying, slogan"
die Stellungnahme,"opinion, statement"
der Strahl,"ray, beam"
die Strömung,"current, trend"
die Verbindlichkeit,"obligation, liability, reliability"
das Volumen,"volume, total amount"
der Zugriff,access
der Zuhörer,"listener, audience"