auch,"also, too"
so,"so, thus, this way, such"
dann,then
da,there
noch,"still, yet"
also,so
nur,only
schon,already
mehr,more
jetzt,now
immer,always
sehr,very
hier,here
doch,"but, still"
wieder,again
eigentlich,actually
oben,"above, up there"
"nun, nu",now
heute,today
weit,"widely, far"
eben,just now
erst,"first, only, not until"
natürlich,"naturally, of course"
vielleicht,perhaps
dort,there
einmal,once
gar,at all
bereits,already
etwa,"about, approximately"
gerade,just
zwar,"admittedly, to be precise"
wirklich,"really, actually"
jedoch,however
nie,never
oft,often
allerdings,"though, certainly"
fast,almost
wohl,well
überhaupt,"at all, generally"
"gern, gerne (with a verb)",enjoy
besonders,especially
warum,why
"allein, alleine",alone
kaum,hardly
deshalb,for that reason
sogar,"even, in fact"
sonst,otherwise
weiter,further
anders,different
schließlich,"in the end, finally"
eher,"earlier, more likely"
je,"ever, each"
früher,in former times
zunächst,"first, at first, for now"
irgendwie,somehow
bisher,until now
manchmal,sometimes
her,"from sth, as far as . . . is concerned"
ebenso,"just as, as much as, as well"
ziemlich,"quite, fairly"
außerdem,"besides, in addition"
inzwischen,in the meantime
sofort,immediately
plötzlich,suddenly
bald,soon
genug,enough
endlich,"finally, at last"
insbesondere,especially
hin,there
ebenfalls,likewise
gestern,yesterday
bitte,please
zusammen,together
jedenfalls,in any case
wobei,"where, which"
bloß,"only, simply, just"
jeweils,"each, each time"
unten,down
insgesamt,"in all, altogether"
vorher,"earlier, beforehand"
beispielsweise,for example
meist,mostly
trotzdem,nevertheless 
zudem,"moreover, besides"
leider,unfortunately
mindestens,at least
zumindest,at least
irgendwo,somewhere
zuerst,first
unbedingt,absolutely
hinaus,"out, beyond"
zuletzt,"last, in the end"
dennoch,nevertheless
lieber,rather
zugleich,"both, at the same time"
nochmal,again
danke,thanks
derzeit,at the moment
zuvor,before
teilweise,partly
miteinander,with each other
durchaus,absolutely
meistens,mostly
deswegen,"therefore, that's why"
überall,everywhere
andererseits,on the other hand
längst,"long since, a long time ago"
stets,always
lediglich,merely
somit,consequently
weiterhin,"still, furthermore"
immerhin,after all
genauso,just as
"vorne, vorn",at the front
weg,"gone, vanished"
zurzeit,at the moment
wenigstens,at least
mittlerweile,"in the meantime, since then"
zirka,approximately
wiederum,again
sicherlich,certainly
soweit,as far as
draußen,outside
vielmehr,rather
bislang,up to now
irgendwann,sometime
übrigens,by the way
sowieso,anyway
anschließend,"subsequent, afterwards"
einerseits,on the other hand
sozusagen,so to speak
dahin,there
erstmals,for the first time
insofern,as far as that goes
hingegen,on the other hand
unterwegs,on the way
diesmal,this time
los,"rid of, going on"
nachher,afterwards
vorbei,"past, over"
auseinander,apart
hinten,at the back
links,"on, to the left"
rechts,"on, to the right"
möglicherweise,possibly
ansonsten,otherwise
niemals,never
online,online
etc.,etc.
freilich,of course
egal,it's all the same
letztlich,in the end
ohnehin,anyway
äußerst,extremely
einst,"once, at one time, one day"
allzu,all too
vermutlich,probably
zweimal,twice
zurück,back
leid,be tired of
mitten,in the middle
drüben,over there
keineswegs,"by no means, not at all"
hinauf,"up, upwards"
höchstens,at most
Nachteil,disadvantage
seitdem,since then
normalerweise,normally
beinahe,"almost, nearly"
einander,each other
herum,around
spätestens,at the latest
gegebenenfalls,if necessary
nahezu,nearly
hierher,here
ausgerechnet,"of all people, of all times"
momentan,"at the moment, momentarily"
plus,above
geradezu,"absolutely, really"
hinein,"in, into"
hoffentlich,hopefully
zugrunde,"form the basis, go to ruins"
demnach,therefore
hierbei,"while doing this, on this occasion"
hierzu,"with it, concerning this"
indes,meanwhile
innen,inside
stattdessen,instead
vorwiegend,mainly
derart,so
aufeinander,"into, onto one another"
dorthin,there
zustande,"in existence, to come or bring about"
nochmals,again
voneinander,from each other
vorhin,a short while ago
mehrmals,repeatedly
quer,"diagonally, sideways"
teils,partly
dementsprechend,accordingly
einigermaßen,somewhat
hinweg,"be over, for many years"
kürzlich,recently
quasi,almost
daraufhin,as a result
dreimal,three times
ferner,furthermore
seither,since then
vorerst,for the present
hinterher,"after, afterwards"
nebeneinander,side by side
anfangs,initially
jederzeit,any time
herein,"in, into, come in!"
heuer,this year
jemals,ever
mitunter,from time to time
nebenbei,"on the side, in addition"
zumeist,for the most part
extra,"separately, extra"
fort,"away, gone"
demnächst,shortly
heutzutage,nowadays
meinetwegen,"for me, as far as I'm concerned"
nunmehr,now
untereinander,"among ourselves, each other"
letztendlich,ultimately
womöglich,possibly
gleichwohl,nevertheless
lauter,"nothing but, just"
herkömmlich,conventional
hinzu,in addition
oftmals,frequently
sogleich,immediately
voraus,"ahead, forward"
allenfalls,at most
durcheinander,"confused, in a mess"
gewissermaßen,"so to speak, as it were"
hinüber,"over, across"
unterdessen,meanwhile
zueinander,to one another
zwischendurch,in between
abschließend,"concluding, final"
inwieweit,to what extend
weitaus,"far, much"
namens,"by the name of, called"
umsonst,"for free, in vain"
aneinander,to one another
beiseite,to one side
daheim,at home
folglich,consequently
vergleichsweise,comparatively
nirgendwo,nowhere